<doc>
    <assembly>
        <name>Xamarin.Forms.Xaml</name>
    </assembly>
    <members>
        <member name="T:Xamarin.Forms.Xaml.AppThemeBindingExtension" />
        <member name="C:Xamarin.Forms.Xaml.AppThemeBindingExtension" />
        <member name="P:Xamarin.Forms.Xaml.AppThemeBindingExtension.Dark" />
        <member name="P:Xamarin.Forms.Xaml.AppThemeBindingExtension.Default" />
        <member name="P:Xamarin.Forms.Xaml.AppThemeBindingExtension.Light" />
        <member name="M:Xamarin.Forms.Xaml.AppThemeBindingExtension.ProvideValue(System.IServiceProvider)" />
        <member name="P:Xamarin.Forms.Xaml.AppThemeBindingExtension.Value" />
        <member name="M:Xamarin.Forms.Xaml.AppThemeBindingExtension.Xamarin#Forms#Xaml#IMarkupExtension{Xamarin#Forms#BindingBase}#ProvideValue(System.IServiceProvider)" />
        <member name="T:Xamarin.Forms.Xaml.ArrayExtension">
            <summary>供 XAML 基础结构内部使用。</summary>
        </member>
        <member name="C:Xamarin.Forms.Xaml.ArrayExtension">
            <summary>供 XAML 基础结构内部使用。</summary>
        </member>
        <member name="P:Xamarin.Forms.Xaml.ArrayExtension.Items">
            <summary>供 XAML 基础结构内部使用。</summary>
        </member>
        <member name="M:Xamarin.Forms.Xaml.ArrayExtension.ProvideValue(System.IServiceProvider)">
            <param name="serviceProvider">供 XAML 基础结构内部使用。</param>
            <summary>供 XAML 基础结构内部使用。</summary>
        </member>
        <member name="P:Xamarin.Forms.Xaml.ArrayExtension.Type">
            <summary>供 XAML 基础结构内部使用。</summary>
        </member>
        <member name="M:Xamarin.Forms.Xaml.ArrayExtension.Xamarin#Forms#Xaml#IMarkupExtension#ProvideValue(System.IServiceProvider)">
            <param name="serviceProvider">供 XAML 基础结构内部使用。</param>
            <summary>供 XAML 基础结构内部使用。</summary>
        </member>
        <member name="T:Xamarin.Forms.Xaml.BindingExtension">
            <summary>供 XAML 基础结构内部使用。</summary>
        </member>
        <member name="C:Xamarin.Forms.Xaml.BindingExtension">
            <summary>供 XAML 基础结构内部使用。</summary>
        </member>
        <member name="P:Xamarin.Forms.Xaml.BindingExtension.Converter">
            <summary>供 XAML 基础结构内部使用。</summary>
        </member>
        <member name="P:Xamarin.Forms.Xaml.BindingExtension.ConverterParameter">
            <summary>供 XAML 基础结构内部使用。</summary>
        </member>
        <member name="P:Xamarin.Forms.Xaml.BindingExtension.FallbackValue">
            <summary>供 XAML 基础结构内部使用。</summary>
        </member>
        <member name="P:Xamarin.Forms.Xaml.BindingExtension.Mode">
            <summary>供 XAML 基础结构内部使用。</summary>
        </member>
        <member name="P:Xamarin.Forms.Xaml.BindingExtension.Path">
            <summary>供 XAML 基础结构内部使用。</summary>
        </member>
        <member name="P:Xamarin.Forms.Xaml.BindingExtension.Source">
            <summary>供 XAML 基础结构内部使用。</summary>
        </member>
        <member name="P:Xamarin.Forms.Xaml.BindingExtension.StringFormat">
            <summary>供 XAML 基础结构内部使用。</summary>
        </member>
        <member name="P:Xamarin.Forms.Xaml.BindingExtension.TargetNullValue">
            <summary>供 XAML 基础结构内部使用。</summary>
        </member>
        <member name="P:Xamarin.Forms.Xaml.BindingExtension.TypedBinding">
            <summary>供 XAML 基础结构内部使用。</summary>
        </member>
        <member name="P:Xamarin.Forms.Xaml.BindingExtension.UpdateSourceEventName">
            <summary>供 XAML 基础结构内部使用。</summary>
        </member>
        <member name="M:Xamarin.Forms.Xaml.BindingExtension.Xamarin#Forms#Xaml#IMarkupExtension#ProvideValue(System.IServiceProvider)">
            <param name="serviceProvider">供 XAML 基础结构内部使用。</param>
            <summary>供 XAML 基础结构内部使用。</summary>
        </member>
        <member name="M:Xamarin.Forms.Xaml.BindingExtension.Xamarin#Forms#Xaml#IMarkupExtension{Xamarin#Forms#BindingBase}#ProvideValue(System.IServiceProvider)">
            <param name="serviceProvider">供 XAML 基础结构内部使用。</param>
            <summary>供 XAML 基础结构内部使用。</summary>
        </member>
        <member name="T:Xamarin.Forms.Xaml.DataTemplateExtension" />
        <member name="C:Xamarin.Forms.Xaml.DataTemplateExtension" />
        <member name="M:Xamarin.Forms.Xaml.DataTemplateExtension.ProvideValue(System.IServiceProvider)" />
        <member name="P:Xamarin.Forms.Xaml.DataTemplateExtension.TypeName" />
        <member name="M:Xamarin.Forms.Xaml.DataTemplateExtension.Xamarin#Forms#Xaml#IMarkupExtension#ProvideValue(System.IServiceProvider)" />
        <member name="T:Xamarin.Forms.Xaml.DynamicResourceExtension">
            <summary>供 XAML 基础结构内部使用。</summary>
        </member>
        <member name="C:Xamarin.Forms.Xaml.DynamicResourceExtension">
            <summary>内部。</summary>
        </member>
        <member name="P:Xamarin.Forms.Xaml.DynamicResourceExtension.Key">
            <summary>供 XAML 基础结构内部使用。</summary>
        </member>
        <member name="M:Xamarin.Forms.Xaml.DynamicResourceExtension.ProvideValue(System.IServiceProvider)">
            <param name="serviceProvider">供 XAML 基础结构内部使用。</param>
            <summary>供 XAML 基础结构内部使用。</summary>
        </member>
        <member name="M:Xamarin.Forms.Xaml.DynamicResourceExtension.Xamarin#Forms#Xaml#IMarkupExtension{Xamarin#Forms#Internals#DynamicResource}#ProvideValue(System.IServiceProvider)">
            <param name="serviceProvider">供 XAML 基础结构内部使用。</param>
            <summary>供 XAML 基础结构内部使用。</summary>
        </member>
        <member name="T:Xamarin.Forms.Xaml.Extensions">
            <summary>定义 <see cref="M:Xamarin.Forms.Xaml.Extensions.LoadFromXaml``1(``0,System.String)" /> 方法的 <see cref="T:Xamarin.Forms.View" /> 的 Extension 类。</summary>
        </member>
        <member name="M:Xamarin.Forms.Xaml.Extensions.LoadFromXaml``1(``0,System.String)">
            <typeparam name="TXaml">要与 XAML 中的状态初始化视图的类型。</typeparam>
            <param name="view">此方法在其中进行操作的视图。</param>
            <param name="xaml">对视图状态进行编码的 XAML。</param>
            <summary>通过加载指定的 <paramref name="xaml" /> 返回初始化视图。</summary>
            <returns>已初始化的视图。</returns>
        </member>
        <member name="M:Xamarin.Forms.Xaml.Extensions.LoadFromXaml``1(``0,System.Type)">
            <typeparam name="TXaml">要与 XAML 中的状态初始化视图的类型。</typeparam>
            <param name="view">此方法在其中进行操作的视图。</param>
            <param name="callingType">调用方的类型。</param>
            <summary>返回 <paramref name="TXaml" />，其中包含在 <paramref name="callingType" /> 的应用程序清单中定义的属性。</summary>
            <returns>
                <paramref name="TXaml" />，包含在 <paramref name="callingType" /> 的应用程序清单中定义的属性。</returns>
        </member>
        <member name="T:Xamarin.Forms.Xaml.FontImageExtension" />
        <member name="C:Xamarin.Forms.Xaml.FontImageExtension" />
        <member name="P:Xamarin.Forms.Xaml.FontImageExtension.Color" />
        <member name="P:Xamarin.Forms.Xaml.FontImageExtension.FontFamily" />
        <member name="P:Xamarin.Forms.Xaml.FontImageExtension.Glyph" />
        <member name="M:Xamarin.Forms.Xaml.FontImageExtension.ProvideValue(System.IServiceProvider)" />
        <member name="P:Xamarin.Forms.Xaml.FontImageExtension.Size" />
        <member name="M:Xamarin.Forms.Xaml.FontImageExtension.Xamarin#Forms#Xaml#IMarkupExtension#ProvideValue(System.IServiceProvider)" />
        <member name="T:Xamarin.Forms.Xaml.NullExtension">
            <summary>用于区分 null 值和空字符串的扩展类。</summary>
        </member>
        <member name="C:Xamarin.Forms.Xaml.NullExtension">
            <summary>新建具有默认值的 <see cref="T:Xamarin.Forms.Xaml.NullExtension" /> 对象。</summary>
        </member>
        <member name="M:Xamarin.Forms.Xaml.NullExtension.ProvideValue(System.IServiceProvider)">
            <param name="serviceProvider">供 XAML 基础结构内部使用。</param>
            <summary>返回 null 对象。</summary>
        </member>
        <member name="T:Xamarin.Forms.Xaml.OnIdiomExtension">
            <summary>供 XAML 基础结构内部使用。</summary>
        </member>
        <member name="C:Xamarin.Forms.Xaml.OnIdiomExtension">
            <summary>供 XAML 基础结构内部使用。</summary>
        </member>
        <member name="P:Xamarin.Forms.Xaml.OnIdiomExtension.Converter">
            <summary>供 XAML 基础结构内部使用。</summary>
        </member>
        <member name="P:Xamarin.Forms.Xaml.OnIdiomExtension.ConverterParameter">
            <summary>供 XAML 基础结构内部使用。</summary>
        </member>
        <member name="P:Xamarin.Forms.Xaml.OnIdiomExtension.Default">
            <summary>供 XAML 基础结构内部使用。</summary>
        </member>
        <member name="P:Xamarin.Forms.Xaml.OnIdiomExtension.Desktop">
            <summary>供 XAML 基础结构内部使用。</summary>
        </member>
        <member name="P:Xamarin.Forms.Xaml.OnIdiomExtension.Phone">
            <summary>供 XAML 基础结构内部使用。</summary>
        </member>
        <member name="M:Xamarin.Forms.Xaml.OnIdiomExtension.ProvideValue(System.IServiceProvider)">
            <summary>供 XAML 基础结构内部使用。</summary>
        </member>
        <member name="P:Xamarin.Forms.Xaml.OnIdiomExtension.Tablet">
            <summary>供 XAML 基础结构内部使用。</summary>
        </member>
        <member name="P:Xamarin.Forms.Xaml.OnIdiomExtension.TV">
            <summary>供 XAML 基础结构内部使用。</summary>
        </member>
        <member name="P:Xamarin.Forms.Xaml.OnIdiomExtension.Watch">
            <summary>供 XAML 基础结构内部使用。</summary>
        </member>
        <member name="T:Xamarin.Forms.Xaml.OnPlatformExtension">
            <summary>供 XAML 基础结构内部使用。</summary>
        </member>
        <member name="C:Xamarin.Forms.Xaml.OnPlatformExtension">
            <summary>供 XAML 基础结构内部使用。</summary>
        </member>
        <member name="P:Xamarin.Forms.Xaml.OnPlatformExtension.Android">
            <summary>供 XAML 基础结构内部使用。</summary>
        </member>
        <member name="P:Xamarin.Forms.Xaml.OnPlatformExtension.Converter">
            <summary>供 XAML 基础结构内部使用。</summary>
        </member>
        <member name="P:Xamarin.Forms.Xaml.OnPlatformExtension.ConverterParameter">
            <summary>供 XAML 基础结构内部使用。</summary>
        </member>
        <member name="P:Xamarin.Forms.Xaml.OnPlatformExtension.Default">
            <summary>供 XAML 基础结构内部使用。</summary>
        </member>
        <member name="P:Xamarin.Forms.Xaml.OnPlatformExtension.GTK">
            <summary>供 XAML 基础结构内部使用。</summary>
        </member>
        <member name="P:Xamarin.Forms.Xaml.OnPlatformExtension.iOS">
            <summary>供 XAML 基础结构内部使用。</summary>
        </member>
        <member name="P:Xamarin.Forms.Xaml.OnPlatformExtension.macOS">
            <summary>供 XAML 基础结构内部使用。</summary>
        </member>
        <member name="M:Xamarin.Forms.Xaml.OnPlatformExtension.ProvideValue(System.IServiceProvider)">
            <summary>供 XAML 基础结构内部使用。</summary>
        </member>
        <member name="P:Xamarin.Forms.Xaml.OnPlatformExtension.Tizen">
            <summary>供 XAML 基础结构内部使用。</summary>
        </member>
        <member name="P:Xamarin.Forms.Xaml.OnPlatformExtension.UWP">
            <summary>供 XAML 基础结构内部使用。</summary>
        </member>
        <member name="P:Xamarin.Forms.Xaml.OnPlatformExtension.WPF">
            <summary>供 XAML 基础结构内部使用。</summary>
        </member>
        <member name="T:Xamarin.Forms.Xaml.ReferenceExtension">
            <summary>用于引用其他 XAML 定义的类型的标记扩展。</summary>
        </member>
        <member name="C:Xamarin.Forms.Xaml.ReferenceExtension">
            <summary>新建具有默认值的 <see cref="T:Xamarin.Forms.Xaml.ReferenceExtension" />。</summary>
        </member>
        <member name="P:Xamarin.Forms.Xaml.ReferenceExtension.Name">
            <summary>获取或设置要引用的实体的名称。</summary>
        </member>
        <member name="M:Xamarin.Forms.Xaml.ReferenceExtension.ProvideValue(System.IServiceProvider)">
            <param name="serviceProvider">供 XAML 基础结构内部使用。</param>
            <summary>返回一个表示要引用的类型的对象。</summary>
        </member>
        <member name="T:Xamarin.Forms.Xaml.RelativeSourceExtension" />
        <member name="C:Xamarin.Forms.Xaml.RelativeSourceExtension" />
        <member name="P:Xamarin.Forms.Xaml.RelativeSourceExtension.AncestorLevel" />
        <member name="P:Xamarin.Forms.Xaml.RelativeSourceExtension.AncestorType" />
        <member name="P:Xamarin.Forms.Xaml.RelativeSourceExtension.Mode" />
        <member name="M:Xamarin.Forms.Xaml.RelativeSourceExtension.ProvideValue(System.IServiceProvider)" />
        <member name="M:Xamarin.Forms.Xaml.RelativeSourceExtension.Xamarin#Forms#Xaml#IMarkupExtension{Xamarin#Forms#RelativeBindingSource}#ProvideValue(System.IServiceProvider)" />
        <member name="T:Xamarin.Forms.Xaml.StaticExtension">
            <summary>获取静态成员值的标记扩展。</summary>
        </member>
        <member name="C:Xamarin.Forms.Xaml.StaticExtension">
            <summary>新建具有默认值的 <see cref="T:Xamarin.Forms.Xaml.StaticExtension" /> 对象。</summary>
        </member>
        <member name="P:Xamarin.Forms.Xaml.StaticExtension.Member">
            <summary>获取或设置成员名称。</summary>
        </member>
        <member name="M:Xamarin.Forms.Xaml.StaticExtension.ProvideValue(System.IServiceProvider)">
            <param name="serviceProvider">供 XAML 基础结构内部使用。</param>
            <summary>返回成员的值。</summary>
        </member>
        <member name="T:Xamarin.Forms.Xaml.StaticResourceExtension">
            <summary>供 XAML 基础结构内部使用。</summary>
        </member>
        <member name="C:Xamarin.Forms.Xaml.StaticResourceExtension">
            <summary>供 XAML 基础结构内部使用。</summary>
        </member>
        <member name="P:Xamarin.Forms.Xaml.StaticResourceExtension.Key">
            <summary>供 XAML 基础结构内部使用。</summary>
        </member>
        <member name="M:Xamarin.Forms.Xaml.StaticResourceExtension.ProvideValue(System.IServiceProvider)">
            <param name="serviceProvider">供 XAML 基础结构内部使用。</param>
            <summary>供 XAML 基础结构内部使用。</summary>
        </member>
        <member name="T:Xamarin.Forms.Xaml.StyleSheetExtension">
            <summary>供 XAML 基础结构内部使用。</summary>
        </member>
        <member name="C:Xamarin.Forms.Xaml.StyleSheetExtension">
            <summary>供 XAML 基础结构内部使用。</summary>
        </member>
        <member name="P:Xamarin.Forms.Xaml.StyleSheetExtension.Source">
            <summary>供 XAML 基础结构内部使用。</summary>
            <value>供 XAML 基础结构内部使用。</value>
        </member>
        <member name="P:Xamarin.Forms.Xaml.StyleSheetExtension.Style">
            <summary>供 XAML 基础结构内部使用。</summary>
            <value>供 XAML 基础结构内部使用。</value>
        </member>
        <member name="M:Xamarin.Forms.Xaml.StyleSheetExtension.Xamarin#Forms#Xaml#IValueProvider#ProvideValue(System.IServiceProvider)">
            <param name="serviceProvider">供 XAML 基础结构内部使用。</param>
            <summary>供 XAML 基础结构内部使用。</summary>
            <returns>供 XAML 基础结构内部使用。</returns>
        </member>
        <member name="T:Xamarin.Forms.Xaml.TemplateBindingExtension">
            <summary>供 XAML 基础结构内部使用。</summary>
        </member>
        <member name="C:Xamarin.Forms.Xaml.TemplateBindingExtension">
            <summary>供 XAML 基础结构内部使用。</summary>
        </member>
        <member name="P:Xamarin.Forms.Xaml.TemplateBindingExtension.Converter">
            <summary>供 XAML 基础结构内部使用。</summary>
        </member>
        <member name="P:Xamarin.Forms.Xaml.TemplateBindingExtension.ConverterParameter">
            <summary>供 XAML 基础结构内部使用。</summary>
        </member>
        <member name="P:Xamarin.Forms.Xaml.TemplateBindingExtension.Mode">
            <summary>供 XAML 基础结构内部使用。</summary>
        </member>
        <member name="P:Xamarin.Forms.Xaml.TemplateBindingExtension.Path">
            <summary>供 XAML 基础结构内部使用。</summary>
        </member>
        <member name="P:Xamarin.Forms.Xaml.TemplateBindingExtension.StringFormat">
            <summary>供 XAML 基础结构内部使用。</summary>
        </member>
        <member name="M:Xamarin.Forms.Xaml.TemplateBindingExtension.Xamarin#Forms#Xaml#IMarkupExtension#ProvideValue(System.IServiceProvider)">
            <param name="serviceProvider">供 XAML 基础结构内部使用。</param>
            <summary>供 XAML 基础结构内部使用。</summary>
        </member>
        <member name="M:Xamarin.Forms.Xaml.TemplateBindingExtension.Xamarin#Forms#Xaml#IMarkupExtension{Xamarin#Forms#BindingBase}#ProvideValue(System.IServiceProvider)">
            <param name="serviceProvider">供 XAML 基础结构内部使用。</param>
            <summary>供 XAML 基础结构内部使用。</summary>
        </member>
        <member name="T:Xamarin.Forms.Xaml.TypeExtension">
            <summary>供 XAML 基础结构内部使用。</summary>
        </member>
        <member name="C:Xamarin.Forms.Xaml.TypeExtension">
            <summary>供 XAML 基础结构内部使用。</summary>
        </member>
        <member name="M:Xamarin.Forms.Xaml.TypeExtension.ProvideValue(System.IServiceProvider)">
            <param name="serviceProvider">供 XAML 基础结构内部使用。</param>
            <summary>供 XAML 基础结构内部使用。</summary>
        </member>
        <member name="P:Xamarin.Forms.Xaml.TypeExtension.TypeName">
            <summary>供 XAML 基础结构内部使用。</summary>
        </member>
        <member name="M:Xamarin.Forms.Xaml.TypeExtension.Xamarin#Forms#Xaml#IMarkupExtension#ProvideValue(System.IServiceProvider)">
            <param name="serviceProvider">供 XAML 基础结构内部使用。</param>
            <summary>供 XAML 基础结构内部使用。</summary>
        </member>
        <member name="T:Xamarin.Forms.Xaml.XamlCompilationAttribute">
            <summary>用于控制在生成时还是运行时编译 XAML 的特性。</summary>
        </member>
        <member name="C:Xamarin.Forms.Xaml.XamlCompilationAttribute(Xamarin.Forms.Xaml.XamlCompilationOptions)">
            <param name="xamlCompilationOptions">指示在运行时还是编译时编译 XAML 的值。</param>
            <summary>使用指定的值创建新的 <see cref="T:Xamarin.Forms.Xaml.XamlCompilationAttribute" />。</summary>
        </member>
        <member name="P:Xamarin.Forms.Xaml.XamlCompilationAttribute.XamlCompilationOptions">
            <summary>获取或设置指示在运行时还是编译时编译 XAML 的值。</summary>
        </member>
        <member name="T:Xamarin.Forms.Xaml.XamlCompilationOptions">
            <summary>枚举控制何时将 XAML 编译为 IL 的值。</summary>
        </member>
        <member name="F:Xamarin.Forms.Xaml.XamlCompilationOptions.Compile">
            <summary>在生成应用程序时编译该类或项目的 XAML。</summary>
        </member>
        <member name="F:Xamarin.Forms.Xaml.XamlCompilationOptions.Skip">
            <summary>在设备上运行应用程序时编译该类或项目的 XAML。</summary>
        </member>
        <member name="T:Xamarin.Forms.Xaml.XamlFilePathAttribute">
            <summary>供 XAML 基础结构内部使用。</summary>
        </member>
        <member name="C:Xamarin.Forms.Xaml.XamlFilePathAttribute(System.String)">
            <param name="filePath">供 XAML 基础结构内部使用。</param>
            <summary>供 XAML 基础结构内部使用。</summary>
        </member>
        <member name="P:Xamarin.Forms.Xaml.XamlFilePathAttribute.FilePath">
            <summary>供 XAML 基础结构内部使用。</summary>
            <value>供 XAML 基础结构内部使用。</value>
        </member>
        <member name="T:Xamarin.Forms.Xaml.Internals.NameScopeProvider">
            <summary>供 Xamarin.Forms 平台内部使用。</summary>
        </member>
        <member name="C:Xamarin.Forms.Xaml.Internals.NameScopeProvider">
            <summary>供 Xamarin.Forms 平台内部使用。</summary>
        </member>
        <member name="P:Xamarin.Forms.Xaml.Internals.NameScopeProvider.NameScope">
            <summary>供 Xamarin.Forms 平台内部使用。</summary>
        </member>
        <member name="T:Xamarin.Forms.Xaml.Internals.SimpleValueTargetProvider">
            <summary>供 Xamarin.Forms 平台内部使用。</summary>
        </member>
        <member name="C:Xamarin.Forms.Xaml.Internals.SimpleValueTargetProvider(System.Object[])">
            <param name="objectAndParents">供 Xamarin.Forms 平台内部使用。</param>
            <summary>供 Xamarin.Forms 平台内部使用。</summary>
        </member>
        <member name="C:Xamarin.Forms.Xaml.Internals.SimpleValueTargetProvider(System.Object[],System.Object)">
            <param name="objectAndParents">供 Xamarin.Forms 平台内部使用。</param>
            <param name="targetProperty">供 Xamarin.Forms 平台内部使用。</param>
            <summary>供 Xamarin.Forms 平台内部使用。</summary>
        </member>
        <member name="C:Xamarin.Forms.Xaml.Internals.SimpleValueTargetProvider(System.Object[],System.Object,Xamarin.Forms.Internals.INameScope)">
            <summary>供 Xamarin.Forms 平台内部使用。</summary>
        </member>
        <member name="M:Xamarin.Forms.Xaml.Internals.SimpleValueTargetProvider.FindByName(System.String)">
            <summary>供 XAML 基础结构内部使用。</summary>
        </member>
        <member name="P:Xamarin.Forms.Xaml.Internals.SimpleValueTargetProvider.Xamarin#Forms#Xaml#IProvideValueTarget#TargetObject">
            <summary>供 Xamarin.Forms 平台内部使用。</summary>
        </member>
        <member name="P:Xamarin.Forms.Xaml.Internals.SimpleValueTargetProvider.Xamarin#Forms#Xaml#IProvideValueTarget#TargetProperty">
            <summary>供 Xamarin.Forms 平台内部使用。</summary>
        </member>
        <member name="T:Xamarin.Forms.Xaml.Internals.XamlLoader">
            <summary>供 Xamarin.Forms 平台内部使用。</summary>
        </member>
        <member name="P:Xamarin.Forms.Xaml.Internals.XamlLoader.XamlFileProvider">
            <summary>供 Xamarin.Forms 平台内部使用。</summary>
        </member>
        <member name="T:Xamarin.Forms.Xaml.Internals.XamlServiceProvider">
            <summary>供 Xamarin.Forms 平台内部使用。</summary>
        </member>
        <member name="C:Xamarin.Forms.Xaml.Internals.XamlServiceProvider">
            <summary>供 Xamarin.Forms 平台内部使用。</summary>
        </member>
        <member name="M:Xamarin.Forms.Xaml.Internals.XamlServiceProvider.Add(System.Type,System.Object)">
            <param name="type">供 Xamarin.Forms 平台内部使用。</param>
            <param name="service">供 Xamarin.Forms 平台内部使用。</param>
            <summary>供 Xamarin.Forms 平台内部使用。</summary>
        </member>
        <member name="M:Xamarin.Forms.Xaml.Internals.XamlServiceProvider.GetService(System.Type)">
            <param name="serviceType">供 Xamarin.Forms 平台内部使用。</param>
            <summary>供 Xamarin.Forms 平台内部使用。</summary>
        </member>
        <member name="T:Xamarin.Forms.Xaml.Internals.XamlTypeResolver">
            <summary>供 Xamarin.Forms 平台内部使用。</summary>
        </member>
        <member name="C:Xamarin.Forms.Xaml.Internals.XamlTypeResolver(System.Xml.IXmlNamespaceResolver,System.Reflection.Assembly)">
            <param name="namespaceResolver">供 Xamarin.Forms 平台内部使用。</param>
            <param name="currentAssembly">供 Xamarin.Forms 平台内部使用。</param>
            <summary>供 Xamarin.Forms 平台内部使用。</summary>
        </member>
        <member name="M:Xamarin.Forms.Xaml.Internals.XamlTypeResolver.Xamarin#Forms#Xaml#IXamlTypeResolver#Resolve(System.String,System.IServiceProvider)">
            <param name="qualifiedTypeName">供 Xamarin.Forms 平台内部使用。</param>
            <param name="serviceProvider">供 Xamarin.Forms 平台内部使用。</param>
            <summary>供 Xamarin.Forms 平台内部使用。</summary>
        </member>
        <member name="M:Xamarin.Forms.Xaml.Internals.XamlTypeResolver.Xamarin#Forms#Xaml#IXamlTypeResolver#TryResolve(System.String,System.Type)" />
        <member name="T:Xamarin.Forms.Xaml.Internals.XmlLineInfoProvider">
            <summary>供 Xamarin.Forms 平台内部使用。</summary>
        </member>
        <member name="C:Xamarin.Forms.Xaml.Internals.XmlLineInfoProvider(System.Xml.IXmlLineInfo)">
            <param name="xmlLineInfo">供 Xamarin.Forms 平台内部使用。</param>
            <summary>供 Xamarin.Forms 平台内部使用。</summary>
        </member>
        <member name="P:Xamarin.Forms.Xaml.Internals.XmlLineInfoProvider.XmlLineInfo">
            <summary>供 Xamarin.Forms 平台内部使用。</summary>
        </member>
        <member name="T:Xamarin.Forms.Xaml.Internals.XmlNamespaceResolver">
            <summary>供 Xamarin.Forms 平台内部使用。</summary>
        </member>
        <member name="C:Xamarin.Forms.Xaml.Internals.XmlNamespaceResolver">
            <summary>供 Xamarin.Forms 平台内部使用。</summary>
        </member>
        <member name="M:Xamarin.Forms.Xaml.Internals.XmlNamespaceResolver.Add(System.String,System.String)">
            <param name="prefix">供 Xamarin.Forms 平台内部使用。</param>
            <param name="ns">供 Xamarin.Forms 平台内部使用。</param>
            <summary>供 Xamarin.Forms 平台内部使用。</summary>
        </member>
        <member name="M:Xamarin.Forms.Xaml.Internals.XmlNamespaceResolver.GetNamespacesInScope(System.Xml.XmlNamespaceScope)">
            <param name="scope">供 Xamarin.Forms 平台内部使用。</param>
            <summary>供 Xamarin.Forms 平台内部使用。</summary>
        </member>
        <member name="M:Xamarin.Forms.Xaml.Internals.XmlNamespaceResolver.LookupNamespace(System.String)">
            <param name="prefix">供 Xamarin.Forms 平台内部使用。</param>
            <summary>供 Xamarin.Forms 平台内部使用。</summary>
        </member>
        <member name="M:Xamarin.Forms.Xaml.Internals.XmlNamespaceResolver.LookupPrefix(System.String)">
            <param name="namespaceName">供 Xamarin.Forms 平台内部使用。</param>
            <summary>供 Xamarin.Forms 平台内部使用。</summary>
        </member>
    </members>
</doc>
